Data name,Time,Profit,Feasibility
instance01.txt,0.0006060600280761719,27900.0,False
instance05.txt,0.00034928321838378906,-41100.0,False
instance03.txt,0.0002951622009277344,42800.0,True
instance04.txt,0.0006127357482910156,30000.0,False
instance02.txt,0.0003361701965332031,35100.0,False
