Data name,Time,Profit,Feasibility
instance01.txt,0.017642736434936523,900.0,False
instance05.txt,0.035111427307128906,24000.0,False
instance03.txt,0.02151179313659668,26600.0,False
instance04.txt,0.073699951171875,-42300.0,False
instance02.txt,0.024393558502197266,-33300.0,False
