Data name,Time,Profit,Feasibility
instance01.txt,0.00017690658569335938,,False
instance05.txt,0.00015473365783691406,,False
instance03.txt,0.00010156631469726562,,False
instance04.txt,0.00025010108947753906,,False
instance02.txt,0.00011301040649414062,,False
