Data name,Time,Profit,Feasibility
instance01.txt,0.013810873031616211,11100,True
instance05.txt,0.0316472053527832,-14700,True
instance03.txt,0.017854928970336914,6800,True
instance04.txt,0.06928563117980957,3000,False
instance02.txt,0.020975351333618164,3900,True
