Data name,Time,Profit,Feasibility
instance01.txt,0.013757944107055664,11100,True
instance05.txt,0.03349447250366211,-14700,True
instance03.txt,0.019376039505004883,6800,True
instance04.txt,0.07310891151428223,3000,False
instance02.txt,0.021729707717895508,3900,True
