Data name,Time,Profit,Feasibility
instance01.txt,0.013585329055786133,11100,False
instance05.txt,0.03609061241149902,-14700,True
instance03.txt,0.020489215850830078,6800,False
instance04.txt,0.07938575744628906,3000,False
instance02.txt,0.025015592575073242,3900,False
