Data name,Time,Profit,Feasibility
instance01.txt,0.01439046859741211,11100,True
instance05.txt,0.033913612365722656,-14700,True
instance03.txt,0.01925945281982422,6800,True
instance04.txt,0.07345962524414062,3000,False
instance02.txt,0.024196386337280273,3900,True
