Data name,Time,Profit,Feasibility
instance01.txt,0.0004634857177734375,-22200,True
instance05.txt,0.00021195411682128906,-66600,True
instance03.txt,0.00017690658569335938,-19600,True
instance04.txt,0.0003619194030761719,-100200,True
instance02.txt,0.00018215179443359375,-43200,True
