Data name,Time,Profit,Feasibility
instance01.txt,0.00046515464782714844,0,True
instance05.txt,0.0002117156982421875,0,True
instance03.txt,0.00017762184143066406,0,True
instance04.txt,0.0003635883331298828,0,True
instance02.txt,0.00018358230590820312,0,True
