Data name,Time,Profit,Feasibility
instance01.txt,0.0007736682891845703,,False
instance05.txt,0.0005154609680175781,,False
instance03.txt,0.0003757476806640625,,False
instance04.txt,0.001020669937133789,,False
instance02.txt,0.00042319297790527344,,False
