Data name,Time,Profit,Feasibility
instance01.txt,0.002166748046875,23100.0,False
instance05.txt,0.0037233829498291016,-66000.0,True
instance03.txt,0.005109071731567383,52400.0,False
instance04.txt,0.013323545455932617,-198900.0,False
instance02.txt,0.00469660758972168,-40500.0,False
